filename,path,extension,size_bytes,source_type,mod_time_unix,source_user
local_settings.py,C:\Users\amandajackson\source\repos,.py,1343,secret_injection,1719250803,dev_injector
web.config,C:\GitLab-Runner\builds\267750\project.dike\config,.config,1263,secret_injection,1723870563,dev_injector
.env.local,\\wsl$\Debian\home\deploy\core,.local,399,secret_injection,1696669603,dev_injector
local_settings.py,\\wsl$\Ubuntu\home\admin\core,.py,2225,secret_injection,1699912123,dev_injector
config.json,C:\Users\amandapotts\Desktop\Code_Review\config,.json,3542,secret_injection,1721184643,dev_injector
.env,C:\Users\aws_svc\Dev\GamificationDistribution\config,.env,1821,secret_injection,1733569448,dev_injector
database.yml,C:\Work\Projects\kdepim\importwizard\config,.yml,1041,secret_injection,1693434174,dev_injector
.env.production,C:\Users\azure_agent\Dev\openui5,.production,3779,secret_injection,1700552963,dev_injector
.env.test,C:\Users\bryantcarol\source\repos,.test,382,secret_injection,1720847344,dev_injector
config.py,D:\Archive\Legacy_Projects\thunder\application,.py,3335,secret_injection,1723669786,dev_injector
.env.local,C:\Program Files\Enterprise Apps\python-pollster,.local,2283,secret_injection,1732070986,dev_injector
ormconfig.js,C:\Users\atkinsstephanie\Dev\Knigoed,.js,2134,secret_injection,1734425965,dev_injector
secrets.js,C:\Users\mccannjordan\Desktop\Code_Review,.js,3124,secret_injection,1708332064,dev_injector
credentials.json,C:\Apps\Production\easy_serializer\lib,.json,1089,secret_injection,1733599274,dev_injector
wp-config.php,C:\Work\Projects\librenms\html,.php,3949,secret_injection,1726773998,dev_injector
secrets.json,C:\Users\zsims\Documents\GitHub\config,.json,2988,secret_injection,1728308251,dev_injector
kubeconfig.yaml,C:\Work\Projects\Poseidon\src,.yaml,1506,secret_injection,1703675792,dev_injector
config.js,\\wsl$\Ubuntu\home\config,.js,2001,secret_injection,1727505012,dev_injector
config.js,C:\Apps\Production\analytics\kpi,.js,1255,secret_injection,1715149605,dev_injector
secrets.js,C:\Users\gguerrero\AppData\Local,.js,2378,secret_injection,1726160309,dev_injector
local_settings.py,C:\Users\qhamilton\Desktop\Code_Review,.py,2071,secret_injection,1713005163,dev_injector
.env.example,C:\Users\karenwilliams\source\repos,.example,2681,secret_injection,1709294522,dev_injector
wp-config.php,C:\Users\woodcarrie\source\repos,.php,3595,secret_injection,1692751770,dev_injector
config.js,C:\Users\natalie28\Downloads\service-master,.js,3045,secret_injection,1723785561,dev_injector
database.yml,C:\Users\lucasgomez\Dev\android-styled-dialogs,.yml,230,secret_injection,1713639887,dev_injector
config.js,C:\Users\jonathanjones\Dev\zabbix-slack,.js,569,secret_injection,1730511267,dev_injector
nuget.config,C:\Work\Projects\qjoypad\src,.config,2549,secret_injection,1729590771,dev_injector
config.yml,C:\Users\xtrevino\Desktop\Coding,.yml,3969,secret_injection,1725443842,dev_injector
settings.py,C:\Users\alexander76\Dev\nizza,.py,3747,secret_injection,1733129783,dev_injector
config.json,\\wsl$\Ubuntu\home\admin\auth-service,.json,1344,secret_injection,1702971701,dev_injector
auth.json,C:\Users\eric12\source\repos,.json,978,secret_injection,1723357741,dev_injector
kubeconfig.yaml,C:\Users\juanmeyer\source\repos,.yaml,1003,secret_injection,1694232070,dev_injector
app.config,C:\Users\azure_agent\AppData\Local,.config,3632,secret_injection,1702868003,dev_injector
client_secret.json,\\wsl$\Debian\home\config,.json,3658,secret_injection,1704126910,dev_injector
database.yml,C:\Work\Projects\legato-docs\19_11_3,.yml,2674,secret_injection,1710946929,dev_injector
secrets.js,C:\Users\moorechristopher\Desktop\Code_Review,.js,3330,secret_injection,1709180181,dev_injector
.env.test,\\wsl$\Ubuntu\home\runner\auth-service,.test,941,secret_injection,1691092680,dev_injector
ormconfig.js,C:\Users\qhamilton\Desktop\Coding,.js,1200,secret_injection,1701583360,dev_injector
config.php,\\wsl$\Debian\home\dev\core,.php,2456,secret_injection,1707339185,dev_injector
settings.py,C:\Users\devops\source\repos,.py,3369,secret_injection,1696414228,dev_injector
.env,\\wsl$\Ubuntu\home\config,.env,317,secret_injection,1720269872,dev_injector
secrets.js,C:\Work\Projects\etl\test,.js,1477,secret_injection,1712886294,dev_injector
hibernate.cfg.xml,C:\Users\gmoore\Documents\GitHub,.xml,1384,secret_injection,1721553086,dev_injector
database.json,C:\Program Files\Enterprise Apps\xinpengliu.github.io\gc6500,.json,778,secret_injection,1733511351,dev_injector
nuget.config,C:\GitLab-Runner\builds\583874\libremail\config,.config,1248,secret_injection,1717519397,dev_injector
nuget.config,C:\Users\mahoneyzachary\AppData\Local,.config,2651,secret_injection,1722358628,dev_injector
ormconfig.js,C:\Work\Projects\android-uiconductor\backend\config,.js,395,secret_injection,1713428244,dev_injector
application.yml,\\wsl$\Debian\home\dev\core,.yml,3426,secret_injection,1714369075,dev_injector
.env.test,C:\Users\brandicurtis\source\repos,.test,2573,secret_injection,1701696345,dev_injector
secrets.py,C:\Program Files\Enterprise Apps\emptymalei.github.io\_til\config,.py,2249,secret_injection,1703694242,dev_injector
ormconfig.js,C:\Users\asmith\source\repos,.js,455,secret_injection,1714132023,dev_injector
hibernate.cfg.xml,C:\Users\ernest14\Downloads\despr-master,.xml,1672,secret_injection,1729354448,dev_injector
kubeconfig.yaml,C:\Users\sanchezkenneth\Desktop\Code_Review,.yaml,610,secret_injection,1706527863,dev_injector
ormconfig.js,C:\Users\ricardo01\Documents\GitHub,.js,733,secret_injection,1705988629,dev_injector
database.yml,C:\Users\jjohnson\AppData\Local,.yml,1237,secret_injection,1704016086,dev_injector
database.json,C:\Users\zporter\Documents\GitHub,.json,2658,secret_injection,1707625025,dev_injector
settings.json,\\wsl$\Ubuntu\home\runner\auth-service,.json,724,secret_injection,1698002723,dev_injector
application.yml,C:\Work\Projects\climateDebateExplorer\ENB-data,.yml,2834,secret_injection,1735140190,dev_injector
config.yml,C:\Users\larry47\AppData\Local,.yml,1254,secret_injection,1722393827,dev_injector
kubeconfig.yaml,C:\Users\ryan90\Desktop\Coding,.yaml,3604,secret_injection,1706074347,dev_injector
hibernate.cfg.xml,C:\Users\brian62\Dev\asiboro.github.io,.xml,1043,secret_injection,1701555987,dev_injector
config.js,C:\Work\Projects\JavaVisGeekCollections\src,.js,1640,secret_injection,1698925385,dev_injector
hibernate.cfg.xml,C:\Users\olittle\source\repos,.xml,949,secret_injection,1725577864,dev_injector
client_secret.json,C:\Users\samanthahughes\Dev\jquery.flipper,.json,1335,secret_injection,1726118550,dev_injector
.env.example,C:\Users\ehunter\Downloads\ehcache3-master,.example,509,secret_injection,1722404141,dev_injector
client_secret.json,C:\Users\sromero\Documents\GitHub,.json,3881,secret_injection,1697358699,dev_injector
config.py,C:\Temp\Publish\learn-cpp\Corba,.py,3008,secret_injection,1734422564,dev_injector
kubeconfig.yaml,C:\Users\matthewdelgado\Downloads\lyrasoft.github.io-master,.yaml,1934,secret_injection,1705763117,dev_injector
secrets.js,C:\inetpub\wwwroot\ruby-gnome2\gtk3,.js,2427,secret_injection,1734971125,dev_injector
client_secret.json,C:\Users\daniellegreer\Desktop\Code_Review,.json,2571,secret_injection,1728719527,dev_injector
secrets.py,C:\Users\aaronsoto\Documents\GitHub,.py,3732,secret_injection,1691396842,dev_injector
nuget.config,C:\Users\robert42\Desktop\Code_Review,.config,2658,secret_injection,1709120494,dev_injector
config.php,\\wsl$\Debian\home\runner\core,.php,854,secret_injection,1723972986,dev_injector
hibernate.cfg.xml,C:\Program Files\Enterprise Apps\kc\coeus-impl,.xml,2984,secret_injection,1725186724,dev_injector
database.yml,D:\Websites\mondo-demo-wt\public_html\MONDO-Collab,.yml,2738,secret_injection,1695038678,dev_injector
nuget.config,C:\Users\elizabethhill\Dev\BasicBlog,.config,2795,secret_injection,1700059275,dev_injector
.env.production,C:\Users\aws_svc\AppData\Local,.production,277,secret_injection,1734031679,dev_injector
app.config,\\wsl$\Debian\home\deploy\core,.config,1325,secret_injection,1725627620,dev_injector
web.config,\\wsl$\Ubuntu\home\admin\core,.config,396,secret_injection,1732897108,dev_injector
settings.json,D:\Websites\trinitycore\public_html\sql,.json,2619,secret_injection,1714021459,dev_injector
auth.json,C:\Users\sethhunter\Downloads\js-misc-master,.json,778,secret_injection,1691123259,dev_injector
local_settings.py,C:\Users\twarner\Documents\GitHub,.py,3145,secret_injection,1716018009,dev_injector
config.yml,C:\Users\twilson\Dev\arashi,.yml,1337,secret_injection,1727584046,dev_injector
app.config,C:\Users\elizabeth78\Dev\balarco,.config,1460,secret_injection,1722686354,dev_injector
hibernate.cfg.xml,C:\Users\aws_svc\Desktop\Coding\config,.xml,775,secret_injection,1730279674,dev_injector
client_secret.json,C:\Users\admin\Desktop\Scripts\config,.json,267,secret_injection,1698550825,dev_injector
nuget.config,C:\Users\jenniferburton\Desktop\Coding\config,.config,281,secret_injection,1706025930,dev_injector
database.json,C:\Program Files\Enterprise Apps\Scholarship\jxj,.json,3188,secret_injection,1690248683,dev_injector
client_secret.json,C:\Users\francescole\Documents\GitHub,.json,2284,secret_injection,1725374483,dev_injector
.env.example,C:\Work\Projects\stdlib\lib,.example,1325,secret_injection,1718846761,dev_injector
auth.json,C:\Users\mccannjordan\Downloads\oslo.messaging-master,.json,1355,secret_injection,1690563728,dev_injector
database.json,C:\Work\Projects\tablesaw\core,.json,3501,secret_injection,1708053160,dev_injector
.env.local,C:\Users\zhanna\source\repos,.local,1382,secret_injection,1693311427,dev_injector
settings.json,C:\Users\gregorybraun\Documents\GitHub,.json,2789,secret_injection,1702512600,dev_injector
database.yml,C:\Users\nathanhoward\AppData\Local,.yml,372,secret_injection,1693859442,dev_injector
ormconfig.js,C:\Users\tharrison\Documents\GitHub\config,.js,2679,secret_injection,1711624995,dev_injector
config.js,C:\Jenkins\workspace\Primo_Build\img\config,.js,3919,secret_injection,1699170698,dev_injector
database.json,C:\Users\stephaniehill\AppData\Local\config,.json,1065,secret_injection,1712261550,dev_injector
secrets.js,C:\Users\garymoore\Downloads\Qwirkle-master\config,.js,1224,secret_injection,1697542168,dev_injector
.env.local,C:\Users\ywalter\Desktop\Coding,.local,2605,secret_injection,1701249806,dev_injector
database.php,\\wsl$\Ubuntu\home\runner\backend,.php,315,secret_injection,1699304650,dev_injector
config.yml,C:\Users\megangreen\Dev\coq-bench.github.io,.yml,2301,secret_injection,1693813315,dev_injector
settings.py,C:\Users\azure_agent\Dev\bad-passwords-index,.py,3083,secret_injection,1726828344,dev_injector
settings.py,C:\Users\lopezangela\AppData\Local,.py,1193,secret_injection,1732614346,dev_injector
config.php,C:\Users\steven93\source\repos,.php,531,secret_injection,1707583253,dev_injector
credentials.json,C:\Users\davidmoody\Desktop\Coding\config,.json,3823,secret_injection,1709359503,dev_injector
secrets.py,C:\Users\backup_svc\Desktop\Scripts,.py,3921,secret_injection,1691782975,dev_injector
database.json,C:\Users\jonathanjones\AppData\Local,.json,1973,secret_injection,1729318283,dev_injector
database.php,\\wsl$\Ubuntu\home\admin\api,.php,3935,secret_injection,1700343236,dev_injector
application.yml,C:\Users\jacobskimberly\Downloads\force-master,.yml,467,secret_injection,1733353432,dev_injector
nuget.config,C:\Users\eric43\source\repos\config,.config,249,secret_injection,1709726012,dev_injector
database.json,C:\Users\langkaitlyn\AppData\Local,.json,1512,secret_injection,1694313673,dev_injector
secrets.js,C:\Users\aws_svc\Desktop\Coding\config,.js,1530,secret_injection,1717886737,dev_injector
.env.test,C:\Users\curtis61\Desktop\Coding,.test,1624,secret_injection,1696196930,dev_injector
database.json,\\wsl$\Ubuntu\home\runner\backend,.json,732,secret_injection,1714112321,dev_injector
firebase.json,C:\Users\johnsonmatthew\Desktop\Code_Review,.json,999,secret_injection,1712903663,dev_injector
local_settings.py,C:\Users\nancybaldwin\source\repos\config,.py,3244,secret_injection,1712514341,dev_injector
web.config,C:\Work\Projects\WoWPR,.config,1389,secret_injection,1718905216,dev_injector
config.php,C:\Users\sherriwilliams\Dev\doc.servo.org,.php,1387,secret_injection,1696605810,dev_injector
.env,C:\Users\lthompson\Dev\piwik,.env,3550,secret_injection,1727653484,dev_injector
.env.example,C:\Users\frivera\source\repos,.example,2682,secret_injection,1723149683,dev_injector
application.yml,C:\Users\eric43\source\repos\config,.yml,2866,secret_injection,1706849059,dev_injector
application.yml,C:\Work\Projects\spring-cloud-zookeeper\spring-cloud-zookeeper-core,.yml,1531,secret_injection,1704844386,dev_injector
config.js,\\wsl$\Ubuntu\home\dev\api,.js,1645,secret_injection,1701055130,dev_injector
local_settings.py,C:\Users\rrodriguez\AppData\Local,.py,3619,secret_injection,1716852036,dev_injector
client_secret.json,C:\GitLab-Runner\builds\731729\Portfolio\config,.json,3055,secret_injection,1731207865,dev_injector
config.php,C:\Work\Projects\Fastcgi-Daemon\include\config,.php,3471,secret_injection,1718334707,dev_injector
.env.test,C:\GitLab-Runner\builds\474677\doriancoin,.test,3285,secret_injection,1723969831,dev_injector
secrets.js,C:\Users\vlong\Documents\GitHub,.js,1724,secret_injection,1727253928,dev_injector
.env.test,C:\Users\cloud_user\AppData\Local,.test,1817,secret_injection,1727457540,dev_injector
secrets.js,C:\Work\Projects\FlashLib\flashlib.vision.core,.js,3107,secret_injection,1728224287,dev_injector
hibernate.cfg.xml,C:\Work\Projects\cdnjs\ajax\config,.xml,3000,secret_injection,1699214128,dev_injector
config.php,C:\Work\Projects\DToolsZ\DToolsZ\config,.php,235,secret_injection,1732334022,dev_injector
application.yml,C:\Users\morrissusan\Documents\GitHub,.yml,2279,secret_injection,1715500080,dev_injector
web.config,C:\Users\karenbarnes\AppData\Local,.config,704,secret_injection,1724262276,dev_injector
config.json,C:\Users\vramirez\Desktop\Code_Review,.json,3741,secret_injection,1694119563,dev_injector
config.js,C:\Users\admin\Documents\Audit_Logs,.js,609,secret_injection,1713327871,dev_injector
config.py,C:\Users\kevin41\Dev\anet,.py,3511,secret_injection,1698094918,dev_injector
database.yml,C:\Program Files\Enterprise Apps\community-edition\projects\config,.yml,3502,secret_injection,1710634910,dev_injector
app.config,D:\Websites\opentelemetry-php\public_html\src,.config,2431,secret_injection,1696055702,dev_injector
config.json,C:\Users\walkerdarlene\Desktop\Coding,.json,3824,secret_injection,1706466849,dev_injector
secrets.json,\\wsl$\Debian\home\deploy\backend,.json,977,secret_injection,1714973354,dev_injector
.env.local,C:\Users\ariel00\Dev\chat-sdk-android,.local,2209,secret_injection,1734480279,dev_injector
local_settings.py,\\wsl$\Ubuntu\home\dev\backend,.py,2362,secret_injection,1693539685,dev_injector
.env.production,C:\Users\collinscarlos\source\repos,.production,266,secret_injection,1725874625,dev_injector
.env.test,\\wsl$\Debian\home\dev\auth-service,.test,1550,secret_injection,1713035509,dev_injector
database.yml,C:\Work\Projects\uml-utilities\uml_net,.yml,1641,secret_injection,1715140932,dev_injector
config.py,C:\Users\jgomez\Desktop\Coding,.py,2441,secret_injection,1695284718,dev_injector
credentials.json,C:\Users\sheilacampbell\Dev\devtreks,.json,256,secret_injection,1696139889,dev_injector
.env.local,C:\Users\osborngeorge\source\repos\config,.local,301,secret_injection,1693792956,dev_injector
ormconfig.js,C:\Users\elizabethhill\AppData\Local\config,.js,1464,secret_injection,1695443965,dev_injector
firebase.json,C:\Users\garymoore\source\repos,.json,3843,secret_injection,1717310882,dev_injector
settings.json,C:\Users\backup_svc\OneDrive - Corp\Backups,.json,345,secret_injection,1701203568,dev_injector
local_settings.py,C:\Users\gary29\Desktop\Coding\config,.py,1870,secret_injection,1722378438,dev_injector
config.json,C:\Users\colekenneth\Desktop\Code_Review\config,.json,2087,secret_injection,1726522574,dev_injector
auth.json,C:\Users\scottwright\Documents\GitHub\config,.json,2600,secret_injection,1728307311,dev_injector
application.yml,C:\Users\collinscarlos\Desktop\Coding\config,.yml,2008,secret_injection,1711104234,dev_injector
client_secret.json,C:\Users\woodskayla\Desktop\Coding\config,.json,2466,secret_injection,1734382286,dev_injector
web.config,C:\Work\Projects\lookit-api\studies,.config,2610,secret_injection,1723675613,dev_injector
client_secret.json,C:\Users\karenbarnes\Dev\au-linux-kernel-autumn-2017,.json,486,secret_injection,1706047587,dev_injector
web.config,C:\Users\beltrandoris\Documents\GitHub\config,.config,1928,secret_injection,1710477876,dev_injector
hibernate.cfg.xml,\\wsl$\Ubuntu\home\deploy\core,.xml,2808,secret_injection,1721725044,dev_injector
database.yml,C:\Users\gail68\Dev\cos482-qualidade-de-software\config,.yml,3640,secret_injection,1689423995,dev_injector
secrets.json,C:\Users\ymora\source\repos,.json,2349,secret_injection,1702085100,dev_injector
config.yml,\\wsl$\Debian\home\config,.yml,3646,secret_injection,1730498451,dev_injector
database.yml,C:\Users\sanchezkenneth\AppData\Local\config,.yml,230,secret_injection,1735324608,dev_injector
web.config,\\wsl$\Ubuntu\home\dev\auth-service,.config,1027,secret_injection,1696074048,dev_injector
.env.example,C:\Temp\Publish\weibo4j\src,.example,2576,secret_injection,1706684361,dev_injector
secrets.js,C:\Users\rachelbennett\AppData\Local,.js,2779,secret_injection,1730765336,dev_injector
ormconfig.js,C:\Work\Projects\chromium.src\third_party,.js,3345,secret_injection,1734511093,dev_injector
database.yml,C:\Users\aking\Documents\GitHub,.yml,3836,secret_injection,1699478612,dev_injector
auth.json,C:\GitLab-Runner\builds\625225\oh-mainline,.json,2032,secret_injection,1701867992,dev_injector
auth.json,C:\Users\susan61\Desktop\Coding\config,.json,3132,secret_injection,1714856708,dev_injector
config.php,C:\Users\db_admin\Desktop\Code_Review,.php,3736,secret_injection,1690560287,dev_injector
credentials.json,C:\Users\zbranch\Downloads\mod-fconn-master,.json,2696,secret_injection,1728006632,dev_injector
config.yml,C:\Users\lynchanthony\Desktop\Coding,.yml,468,secret_injection,1697337581,dev_injector
config.php,C:\Users\sherry11\source\repos,.php,2485,secret_injection,1699374439,dev_injector
nuget.config,C:\Users\taylortracy\Documents\GitHub,.config,1691,secret_injection,1717652627,dev_injector
.env.test,D:\Archive\Legacy_Projects\hs2\src,.test,1407,secret_injection,1699467132,dev_injector
credentials.json,D:\Websites\jvm-bloggers\public_html\src\config,.json,2079,secret_injection,1725928205,dev_injector
secrets.py,C:\Users\azure_agent\Documents\GitHub\config,.py,1704,secret_injection,1699880020,dev_injector
database.yml,C:\Users\kyle43\Desktop\Coding,.yml,2985,secret_injection,1697613458,dev_injector
database.yml,C:\Users\ecosta\Desktop\Code_Review,.yml,2700,secret_injection,1690159309,dev_injector
client_secret.json,\\wsl$\Ubuntu\home\deploy\api,.json,428,secret_injection,1693240972,dev_injector
.env.test,C:\Users\stephaniecalhoun\Downloads\HT1632-for-Arduino-master,.test,2048,secret_injection,1702370642,dev_injector
app.config,C:\Users\lucasgomez\AppData\Local,.config,3111,secret_injection,1713778989,dev_injector
config.json,D:\Websites\chromium\public_html\third_party,.json,2942,secret_injection,1702100412,dev_injector
settings.json,C:\Work\Projects\frr\ripd,.json,3012,secret_injection,1717984143,dev_injector
secrets.json,C:\Users\jtapia\AppData\Local,.json,3438,secret_injection,1697384285,dev_injector
wp-config.php,C:\Users\asanchez\Dev\t-motion-detector-cli,.php,3468,secret_injection,1718105913,dev_injector
auth.json,C:\Users\ashleywagner\Downloads\coq-bench.github.io-master,.json,3189,secret_injection,1705062637,dev_injector
secrets.js,C:\Users\sarah24\AppData\Local,.js,3239,secret_injection,1692230864,dev_injector
application.yml,C:\Work\Projects\data-tables\src\config,.yml,3854,secret_injection,1733915679,dev_injector
config.py,C:\Users\greenashley\Desktop\Coding,.py,3135,secret_injection,1702196715,dev_injector
config.php,C:\Users\joycecampbell\Dev\www2015,.php,3921,secret_injection,1717489509,dev_injector
config.py,C:\Users\sherriwilliams\Desktop\Code_Review,.py,655,secret_injection,1705435362,dev_injector
.env.production,C:\Users\owensjohn\Downloads\digitalnote-master,.production,2431,secret_injection,1708225314,dev_injector
.env.production,\\wsl$\Ubuntu\home\config,.production,1575,secret_injection,1723743052,dev_injector
settings.py,C:\Users\douglaswoods\Documents\GitHub,.py,3991,secret_injection,1696550397,dev_injector
auth.json,C:\Users\james23\Dev\apue,.json,1213,secret_injection,1706765736,dev_injector
local_settings.py,C:\Users\angelaanthony\Dev\aws-sdk-cpp,.py,670,secret_injection,1701910676,dev_injector
config.php,C:\Users\jeffreycampbell\Downloads\WebImageBrowser-master\config,.php,2997,secret_injection,1710176598,dev_injector
credentials.json,C:\Users\tammysmith\Desktop\Coding,.json,3000,secret_injection,1732796908,dev_injector
secrets.json,C:\Work\Projects\tebandesade.github.io\old,.json,3475,secret_injection,1713475682,dev_injector
firebase.json,\\wsl$\Debian\home\dev\backend,.json,1997,secret_injection,1692881418,dev_injector
ormconfig.js,C:\Users\amber59\Documents\GitHub,.js,568,secret_injection,1698513011,dev_injector
nuget.config,C:\Apps\Production\wfuzz-1\wordlist,.config,306,secret_injection,1715311378,dev_injector
.env.local,C:\Users\rogersalexa\Desktop\Coding,.local,3362,secret_injection,1707888227,dev_injector
wp-config.php,C:\Users\jgarcia\Dev\rubyspec,.php,767,secret_injection,1715036493,dev_injector
auth.json,C:\Users\hubermonica\Documents\GitHub,.json,2340,secret_injection,1730194975,dev_injector
nuget.config,C:\Users\mcclurejamie\Documents\GitHub,.config,2636,secret_injection,1713929064,dev_injector
wp-config.php,C:\Users\francopaula\AppData\Local,.php,3549,secret_injection,1711285995,dev_injector
.env.production,D:\Websites\rust\public_html\src\config,.production,1421,secret_injection,1691700663,dev_injector
auth.json,C:\Users\wwilliams\Downloads\MSBlogsReader-master\config,.json,3535,secret_injection,1730338884,dev_injector
.env,C:\GitLab-Runner\builds\591561\chiplotle\config,.env,3023,secret_injection,1699843134,dev_injector
database.yml,D:\Archive\Legacy_Projects\testGitHub\testMaven,.yml,3786,secret_injection,1728777401,dev_injector
kubeconfig.yaml,C:\Users\russellgary\Desktop\Coding\config,.yaml,3759,secret_injection,1714853313,dev_injector
database.php,D:\Archive\Legacy_Projects\react-app\codes,.php,1246,secret_injection,1699612393,dev_injector
settings.py,D:\Websites\grunt-json2html\public_html\templates\config,.py,2939,secret_injection,1702578435,dev_injector
auth.json,C:\Users\joycecampbell\AppData\Local,.json,1893,secret_injection,1727393524,dev_injector
settings.json,C:\Users\kimberlyhanson\Documents\GitHub,.json,2072,secret_injection,1709738713,dev_injector
secrets.py,Z:\Backups\Source_Code\runbook.io_2023\src,.py,689,secret_injection,1719624736,dev_injector
config.py,D:\Build_Artifacts\test-karma\v4.2,.py,2467,secret_injection,1731644364,dev_injector
settings.py,C:\Users\cloud_user\AppData\Local,.py,2657,secret_injection,1708002496,dev_injector
database.yml,\\wsl$\Debian\home\deploy\auth-service,.yml,2264,secret_injection,1701425812,dev_injector
kubeconfig.yaml,\\wsl$\Ubuntu\home\dev\auth-service,.yaml,2417,secret_injection,1708937342,dev_injector
settings.json,C:\Users\dsanders\AppData\Local,.json,3577,secret_injection,1727306873,dev_injector
settings.json,C:\Users\sysadmin\Documents\Audit_Logs,.json,3557,secret_injection,1690265247,dev_injector
web.config,C:\GitLab-Runner\builds\319885\domoticz,.config,3814,secret_injection,1713653520,dev_injector
auth.json,C:\Users\thomasjohn\source\repos,.json,337,secret_injection,1711608788,dev_injector
settings.py,D:\Archive\Legacy_Projects\async-state,.py,1872,secret_injection,1714152267,dev_injector
settings.py,C:\Work\Projects\Sisacon\Sisacon\config,.py,3025,secret_injection,1729154000,dev_injector
wp-config.php,\\wsl$\Ubuntu\home\dev\core,.php,1781,secret_injection,1716389232,dev_injector
.env.production,C:\Users\efoster\source\repos,.production,473,secret_injection,1721618320,dev_injector
hibernate.cfg.xml,C:\Users\samantha25\AppData\Local\config,.xml,1484,secret_injection,1714503866,dev_injector
settings.json,C:\Users\nathaniel57\AppData\Local,.json,3278,secret_injection,1717901984,dev_injector
.env.example,C:\Users\azure_agent\source\repos,.example,270,secret_injection,1697796140,dev_injector
secrets.py,C:\Users\xmontes\Dev\JabRef_ES2,.py,2761,secret_injection,1701809527,dev_injector
.env.test,C:\Users\aharper\Desktop\Coding,.test,2290,secret_injection,1730441918,dev_injector
hibernate.cfg.xml,C:\Work\Projects\NiL.JS\NetCoreTestApp\config,.xml,2302,secret_injection,1699241377,dev_injector
credentials.json,C:\Users\db_admin\Documents\GitHub,.json,3734,secret_injection,1709919567,dev_injector
web.config,C:\Users\milleraustin\Downloads\PDI-Plugin-Step-BloomFilter-master,.config,3920,secret_injection,1694199760,dev_injector
app.config,\\wsl$\Debian\home\admin\api,.config,3321,secret_injection,1712692648,dev_injector
secrets.py,C:\Work\Projects\tumblr.atmos.org\posts,.py,703,secret_injection,1701873308,dev_injector
hibernate.cfg.xml,C:\Program Files\Enterprise Apps\git_code\src\config,.xml,337,secret_injection,1710772882,dev_injector
config.py,C:\Users\megan79\source\repos,.py,1702,secret_injection,1716450394,dev_injector
secrets.py,C:\Users\weaverlauren\source\repos,.py,2130,secret_injection,1705347436,dev_injector
config.yml,C:\Users\calderontimothy\Documents\GitHub\config,.yml,3056,secret_injection,1727834063,dev_injector
credentials.json,C:\Users\john60\source\repos,.json,520,secret_injection,1703896823,dev_injector
nuget.config,\\wsl$\Debian\home\config,.config,2260,secret_injection,1728697053,dev_injector
.env.local,C:\Users\mwilliams\Documents\GitHub,.local,329,secret_injection,1731639438,dev_injector
credentials.json,D:\Websites\Misskey\public_html\src,.json,2812,secret_injection,1725341051,dev_injector
secrets.py,C:\Work\Projects\meteor\scripts,.py,1602,secret_injection,1705502138,dev_injector
.env,\\wsl$\Ubuntu\home\runner\api,.env,1953,secret_injection,1725115021,dev_injector
.env,C:\Users\alexanderdenise\Documents\GitHub,.env,3591,secret_injection,1726332525,dev_injector
.env.production,C:\Users\tamarasalas\source\repos,.production,1260,secret_injection,1689289580,dev_injector
config.php,C:\Users\azure_agent\source\repos,.php,569,secret_injection,1733226669,dev_injector
.env.production,\\wsl$\Ubuntu\home\runner\backend,.production,3077,secret_injection,1732326237,dev_injector
app.config,\\wsl$\Debian\home\config,.config,3101,secret_injection,1713120980,dev_injector
kubeconfig.yaml,C:\Users\robertsonmichelle\Dev\OrionClient,.yaml,3673,secret_injection,1715859753,dev_injector
local_settings.py,C:\Users\carterashley\AppData\Local\config,.py,2623,secret_injection,1699405190,dev_injector
auth.json,C:\Users\phughes\Desktop\Coding,.json,679,secret_injection,1735031034,dev_injector
secrets.js,C:\Users\jbennett\Documents\GitHub,.js,810,secret_injection,1692922956,dev_injector
auth.json,C:\Users\woodcarrie\AppData\Local\config,.json,1452,secret_injection,1722135325,dev_injector
local_settings.py,C:\GitLab-Runner\builds\926876\freefalcon-central,.py,965,secret_injection,1732839683,dev_injector
kubeconfig.yaml,C:\Users\timothyjordan\Desktop\Coding,.yaml,2225,secret_injection,1732628364,dev_injector
client_secret.json,C:\Users\lynchanthony\source\repos,.json,253,secret_injection,1705756995,dev_injector
local_settings.py,\\wsl$\Ubuntu\home\dev\auth-service,.py,2717,secret_injection,1717217596,dev_injector
.env.local,C:\Users\lweaver\Dev\Picturepark.SDK.DotNet,.local,1475,secret_injection,1729148446,dev_injector
secrets.json,C:\Apps\Production\phage\db,.json,997,secret_injection,1723115696,dev_injector
settings.py,C:\Users\joyceperez\AppData\Local,.py,3740,secret_injection,1699695798,dev_injector
kubeconfig.yaml,C:\Users\devops\AppData\Local,.yaml,1082,secret_injection,1735676634,dev_injector
wp-config.php,C:\Users\joy44\AppData\Local,.php,3481,secret_injection,1696314571,dev_injector
ormconfig.js,C:\Users\rothronald\Desktop\Code_Review,.js,660,secret_injection,1693549980,dev_injector
secrets.py,C:\Users\sherry11\Desktop\Coding,.py,2153,secret_injection,1720205974,dev_injector
.env.test,C:\Users\azure_agent\Desktop\Coding\config,.test,3095,secret_injection,1729638529,dev_injector
database.php,C:\Users\ariel00\Desktop\Coding,.php,847,secret_injection,1715846486,dev_injector
application.yml,C:\Users\alexander76\Desktop\Coding,.yml,1389,secret_injection,1733711139,dev_injector
secrets.json,C:\Users\kimberlykelley\Dev\doma,.json,1971,secret_injection,1689403496,dev_injector
web.config,C:\Users\montoyaantonio\Downloads\qmole-master,.config,939,secret_injection,1720391276,dev_injector
web.config,C:\Work\Projects\lit-app,.config,1978,secret_injection,1704568691,dev_injector
database.php,C:\Users\fuenteskaren\Documents\GitHub,.php,312,secret_injection,1697545986,dev_injector
.env.production,C:\Users\xestrada\AppData\Local,.production,2489,secret_injection,1696191580,dev_injector
auth.json,C:\Apps\Production\openset.github.io\_posts,.json,2626,secret_injection,1689506991,dev_injector
application.yml,C:\Users\alexander76\AppData\Local\config,.yml,783,secret_injection,1727103636,dev_injector
.env.example,C:\Users\atkinsstephanie\Dev\Nitrous,.example,1721,secret_injection,1717335412,dev_injector
config.php,C:\Users\brianjackson\AppData\Local,.php,2220,secret_injection,1703738216,dev_injector
database.php,C:\Users\makayla94\Dev\Raytracer,.php,1046,secret_injection,1700419611,dev_injector
.env,C:\Work\Projects\PySOM\src,.env,2680,secret_injection,1711635003,dev_injector
config.json,C:\Users\dsanders\Documents\GitHub\config,.json,1800,secret_injection,1706937605,dev_injector
config.yml,C:\GitLab-Runner\builds\741423\content_manager,.yml,3184,secret_injection,1715868058,dev_injector
ormconfig.js,C:\Users\admin\Desktop\Scripts,.js,3237,secret_injection,1722857319,dev_injector
ormconfig.js,C:\Work\Projects\chesterfield\src,.js,2302,secret_injection,1728097164,dev_injector
.env.example,\\wsl$\Ubuntu\home\deploy\api,.example,3883,secret_injection,1703984166,dev_injector
database.php,C:\Work\Projects\titan-solr-cloud-test\solr-4.4.0,.php,3053,secret_injection,1709802304,dev_injector
config.php,C:\Users\johnnyanderson\Dev\Kylin,.php,1812,secret_injection,1702748244,dev_injector
.env.production,C:\Users\juanmeyer\AppData\Local,.production,1565,secret_injection,1694134670,dev_injector
config.json,C:\Users\oliviabonilla\Dev\frontend,.json,1759,secret_injection,1715240508,dev_injector
web.config,C:\Users\aws_svc\Dev\linux-usb-zerocopy\config,.config,2278,secret_injection,1712877703,dev_injector
local_settings.py,C:\Users\dsanders\source\repos\config,.py,1230,secret_injection,1692790839,dev_injector
identity,\\wsl$\Debian\home\daniellemartinez\git\fl-two\submit\views\db\bak,,42091,secret_injection,1727616669,dev_injector
key.pem,C:\Users\miranda56\Documents\GitHub\xtext-core\org.eclipse.xtext\src\org\eclipse\xtext\resource\impl,.pem,8984,secret_injection,1705201104,dev_injector
aws_credentials,\\wsl$\Ubuntu\home\paul85\projects\foxtrotgps\src\dump,,50721,secret_injection,1703909967,dev_injector
id_dsa,C:\Users\cloud_user\source\repos\OpenVPN-Event-Viewer\openvpn.api\openvpn.api\Controllers\misc,,79752,secret_injection,1726137620,dev_injector
id_ecdsa,C:\Users\jgomez\source\repos\coingiving\db,,5357,secret_injection,1734518590,dev_injector
production_db.sql,C:\Users\kevin41\Dev\obdgpslogger\src\obdinfo,.sql,127961,secret_injection,1698392488,dev_injector
dump.sql,C:\Users\katherinesmith\AppData\Local\Packages\Canonical\rootfs\home\katherinesmith\ictcore\core\Application,.sql,121360,secret_injection,1695020834,dev_injector
client.ovpn,C:\Work\Projects\oshinko-cli\vendor\github.com\openshift\origin\pkg\build\registry\buildconfiginstantiate,.ovpn,42665,secret_injection,1690277919,dev_injector
production.sqlite,\\wsl$\Debian\home\olivia90\git\sendgrid-python\sendgrid\helpers\mail,.sqlite,49435,secret_injection,1720235859,dev_injector
id_ecdsa,C:\Users\nwatson\Documents\GitHub\incubator-ignite\modules\core\src\main\java\org\apache\ignite\cache\store\jdbc\misc,,41528,secret_injection,1698291035,dev_injector
production_db.sql,C:\Users\francopaula\Documents\GitHub\KoDeMat-Collaboration-Platform-Application\KoDeMat_TouchScreen\src\kodemat\touch\visu\editor\nifty\panels,.sql,121837,secret_injection,1717977764,dev_injector
azure_profile.json,C:\Work\Projects\boletonet\src\Boleto.Net\BoletoImpressao,.json,137474,secret_injection,1729243791,dev_injector
backup.sql,C:\Users\jameshuerta\AppData\Local\Temp\git\volcanomapping.github.io\_posts\volcanoes,.sql,41238,secret_injection,1719696429,dev_injector
id_ecdsa,C:\Users\jwhitney\Documents\GitHub\simple-blog\app\controllers,,87939,secret_injection,1691800717,dev_injector
backup.sql,\\wsl$\Ubuntu\home\john23\projects\DroidText\src\bouncycastle\repack\org\bouncycastle\util\test,.sql,1074,secret_injection,1716759627,dev_injector
cert.pfx,\\wsl$\Ubuntu\home\aws_svc\projects\Sean-Cox.github.io\Assn1,.pfx,65657,secret_injection,1709351236,dev_injector
keystore.json,C:\Users\aharper\Documents\GitHub\apiman-docker\vertx-standalone\files\bak,.json,74140,secret_injection,1702660550,dev_injector
id_dsa,C:\Users\michaelmcmillan\AppData\Local\Packages\Canonical\rootfs\home\michaelmcmillan\chromium-capsicum\net\http\bak,,77789,secret_injection,1735182881,dev_injector
access_keys.csv,C:\Users\daniel71\AppData\Local\Packages\Canonical\rootfs\home\daniel71\workbench\src\CZIlib\CZI,.csv,82118,secret_injection,1733498017,dev_injector
accounts.dump,C:\Program Files\Enterprise Apps\Magento2\app\code\Magento\Downloadable\Test\Unit\Block\Adminhtml\Catalog\Product\Edit\Tab\Downloadable\misc,.dump,5739,secret_injection,1734187311,dev_injector
id_dsa,C:\Users\charlesfitzgerald\source\repos\Kelp\test,,133132,secret_injection,1713625059,dev_injector
production_db.sql,C:\Work\Projects\RIDE\utest\resources\robotdata\imports,.sql,23746,secret_injection,1724272126,dev_injector
certificate.p12,C:\Users\nicholas37\AppData\Local\Packages\Canonical\rootfs\home\nicholas37\NodeVision\node_modules\angular2\src\web_workers\ui,.p12,123530,secret_injection,1725311561,dev_injector
db.sqlite3,Z:\IT_Admin\Tools\experimenting-annotation-processing\experimenting-rounds\massive-count-of-annotated-classes\src\main\java\fr\javatronic\blog\massive\annotation1,.sqlite3,91735,secret_injection,1706342946,dev_injector
id_ecdsa,C:\Users\thomasjohn\Downloads\aoe-master\conf,,66420,secret_injection,1701256804,dev_injector
cert.pem,C:\Users\ashley31\Documents\GitHub\koutroclean\config,.pem,126207,secret_injection,1731991991,dev_injector
default_wallet,C:\Work\Projects\sidesaddle\modules,,28501,secret_injection,1694575812,dev_injector
wallet.dat,C:\Users\makayla94\source\repos\test-github\stm32_rtt_wifi\bsp\lm4f232\Libraries\inc,.dat,69651,secret_injection,1690022612,dev_injector
production.sqlite,C:\Users\castronicole\Documents\GitHub\CodeAPI\docs\-kores\com.github.jonathanxd.kores.base\-parameters-holder\-builder,.sqlite,39493,secret_injection,1728403744,dev_injector
id_rsa,\\wsl$\Ubuntu\home\lunajeffrey\projects\coreboot\src\northbridge\intel\nehalem\dump,,3460,secret_injection,1731728988,dev_injector
azure_profile.json,C:\Users\matthew26\Desktop\Coding\avantmarketcomua\wa-apps\site\themes\sidebar,.json,37280,secret_injection,1704709631,dev_injector
certificate.p12,\\wsl$\Ubuntu\home\jonathanjones\projects\ice\cpp\include\Ice,.p12,19210,secret_injection,1689974691,dev_injector
backup.sql,D:\Build_Artifacts\soulscour\v2.1\Soulscour\Soulscour\backup,.sql,102629,secret_injection,1690917858,dev_injector
users.sql,\\wsl$\Debian\home\lthompson\git\flickr-gallery\FlickrGallery\app\src\main\java\com\ipvans\flickrgallery\ui\main,.sql,12207,secret_injection,1703512072,dev_injector
production_db.sql,C:\Users\lopezkyle\Desktop\Coding\magento\app\code\Magento\Catalog\Model\Product\Attribute\Backend,.sql,78645,secret_injection,1728386297,dev_injector
key.pem,\\wsl$\Ubuntu\home\devops\projects\Myshelter\TestData,.pem,32934,secret_injection,1735016303,dev_injector
key.pem,C:\Work\Projects\pyaf\tests\model_control\detailed\transf_BoxCox\misc,.pem,147031,secret_injection,1721523373,dev_injector
key.pem,C:\Users\bakerrobert\Dev\4A_ISA_TheCookieFactory\j2e\src\main\java\fr\unice\polytech\isa\tcf\asynchronous,.pem,30474,secret_injection,1697433374,dev_injector
cert.pfx,C:\Users\devops\Desktop\Coding\CyberCloud\puppet\garbage\website\files\DVWA\external\phpids\0.6\lib\IDS\vendors\htmlpurifier\HTMLPurifier\AttrDef\CSS,.pfx,111861,secret_injection,1701280293,dev_injector
private.key,\\wsl$\Ubuntu\home\kbaker\projects\BlackBoxTT\plugins\bbInterface\src,.key,42933,secret_injection,1717325881,dev_injector
host_key,C:\Users\kathryngilbert\Desktop\Code_Review\empire\dbtest\old,,70332,secret_injection,1712017444,dev_injector
accounts.dump,C:\Users\atkinsstephanie\Desktop\Coding\homebrew-core\Formula,.dump,46271,secret_injection,1729063355,dev_injector
accounts.dump,C:\Users\johngarcia\Documents\GitHub\atlanalyser\fr.tpt.atlanalyser.lib\lib\commons-cli-1.3\apidocs\org\apache\commons\cli\class-use\misc,.dump,99162,secret_injection,1707836419,dev_injector
certificate.p12,C:\Users\anthonyjames\Documents\GitHub\Aurex\lib\Framework\Module\Modules\FormDoctrineModule\backup,.p12,58262,secret_injection,1708274185,dev_injector
default_wallet,C:\Users\ricardo83\Documents\GitHub\locadora-jpa-web\src\main\java\io\github\jass2125\locadora\jpa,,70478,secret_injection,1704350789,dev_injector
keystore.jks,C:\Users\boothtonya\Dev\hovercraft\hovercraft\tests,.jks,18361,secret_injection,1695889978,dev_injector
accounts.dump,C:\Work\Projects\proverb-without-implicit-referencing\Proverb.Web\app\services,.dump,22581,secret_injection,1696089158,dev_injector
privkey.pem,C:\Users\mccannjordan\Documents\GitHub\android_kernel_samsung_lt02ltespr\fs\ecryptfs,.pem,86973,secret_injection,1708941553,dev_injector
users.sql,C:\Users\gary29\Dev\swift\lib\Sema,.sql,52736,secret_injection,1712391295,dev_injector
aws_credentials,C:\Work\Projects\Vote\target\work\plugins\shiro-1.2.1\src\java\org\apache\shiro\grails\annotations\backup,,93153,secret_injection,1692980472,dev_injector
id_rsa,C:\Users\xestrada\source\repos\idudance\wp-content\themes\itheme2,,68391,secret_injection,1725058342,dev_injector
dump.sql,C:\Users\david79\Dev\mpv\video\out,.sql,101436,secret_injection,1722023703,dev_injector
default_wallet,\\wsl$\Debian\home\morrissusan\git\phaser\src\pixi\renderers\webgl,,31453,secret_injection,1696623432,dev_injector
identity,C:\Work\Projects\ga\_includes\core\functions,,33860,secret_injection,1733272743,dev_injector
azure_profile.json,C:\Users\kimberlyhanson\Documents\GitHub\quake2-for-ps2\src\game\bak,.json,113093,secret_injection,1700140025,dev_injector
keystore.json,C:\Users\thomas35\Dev\datashield\compiler\llvm\tools\clang\lib\Index,.json,144681,secret_injection,1732906579,dev_injector
aws_credentials,C:\Users\aharper\AppData\Local\Packages\Canonical\rootfs\home\aharper\sdcc-z80-gas\src,,60443,secret_injection,1698157685,dev_injector
id_ecdsa,C:\Users\ymora\Documents\GitHub\adempiere\base\src\org\compiere\model,,22329,secret_injection,1690612387,dev_injector
id_ecdsa,C:\Users\devops\source\repos\internetvideogamelibrary-website\config\initializers,,123698,secret_injection,1701065184,dev_injector
aws_credentials,C:\Users\anthony84\AppData\Local\Packages\Canonical\rootfs\home\anthony84\openstreetmap-chef\roles,,21430,secret_injection,1719476435,dev_injector
azure_profile.json,C:\Users\aking\Desktop\Coding\sqlnotebook\src\Tests\scripts,.json,40644,secret_injection,1713804834,dev_injector
accounts.dump,C:\Users\nharrison\Desktop\Code_Review\slash2-stable\zfs-fuse\src\lib\libzfs,.dump,23990,secret_injection,1716436386,dev_injector
private.key,C:\Work\Projects\geo-ov\src\main\webapp\openlayers\lib\OpenLayers\Format\SLD,.key,129454,secret_injection,1694399927,dev_injector
dump.sql,D:\Websites\bookmarks\public_html\tagged,.sql,80390,secret_injection,1712234757,dev_injector
users.sql,C:\Users\jimmythomas\source\repos\cat\cat-home\src\main\webapp\js,.sql,111753,secret_injection,1731140463,dev_injector
aws_credentials,\\wsl$\Ubuntu\home\walkerdarlene\projects\cepdb\api\v1,,104319,secret_injection,1691460103,dev_injector
gcloud_auth.json,C:\Users\julia27\Documents\GitHub\kaufreund.de\tmp\catalog\view\theme\theme436\stylesheet\_vti_cnf,.json,21069,secret_injection,1700891516,dev_injector
server.key,C:\Users\garciamitchell\AppData\Local\Packages\Canonical\rootfs\home\garciamitchell\librenms\includes\discovery\backup,.key,32726,secret_injection,1723768031,dev_injector
cert.pfx,C:\Users\katherine93\Documents\GitHub\poseidon\src\main\java\bonafide\datastore,.pfx,98745,secret_injection,1716735472,dev_injector
keystore.json,C:\Users\bcombs\Desktop\Coding\Landau-Wang-omp\backup,.json,110592,secret_injection,1728633545,dev_injector
id_ecdsa,C:\Program Files\Enterprise Apps\aws-sdk-cpp\aws-cpp-sdk-elasticloadbalancing\source\model\misc,,83340,secret_injection,1721581206,dev_injector
azure_profile.json,C:\Users\amanda35\Downloads\SmartGWT-Mobile-master\mobile\src\main\java\com\smartgwt\mobile\client\widgets\dump,.json,140877,secret_injection,1705322238,dev_injector
client.ovpn,C:\Program Files\Enterprise Apps\generator-laxarjs2\generators\widget\templates\bak,.ovpn,51082,secret_injection,1731845170,dev_injector
cert.pfx,C:\Users\ecosta\Desktop\Code_Review\alien4cloud\alien4cloud-security\src\main\java\alien4cloud\security\groups\rest,.pfx,42124,secret_injection,1729932329,dev_injector
gcloud_auth.json,\\wsl$\Ubuntu\home\anitajohnston\projects\crate\libs\sql-parser\src\main\java\io\crate\sql\tree,.json,119355,secret_injection,1729150400,dev_injector
client.key,C:\Users\jbennett\Documents\GitHub\telegraf\plugins\inputs\ras,.key,120560,secret_injection,1719521154,dev_injector
certificate.p12,C:\inetpub\wwwroot\GomeOnline\jrj-TouGu\src\com\gome\haoyuangong\views\photoview,.p12,49764,secret_injection,1698554742,dev_injector
access_keys.csv,C:\Users\tony72\Documents\GitHub\qTox\src\widget\tool,.csv,137079,secret_injection,1717870163,dev_injector
default_wallet,C:\Users\pottspatricia\Documents\GitHub\chef-vimrc,,135960,secret_injection,1728619242,dev_injector
aws_credentials,C:\Users\ethomas\Downloads\Projects_Working-master\AC\AnnuaireCertifies\AC.Common\AnnuaireCertifies.Business\Depots\Generated,,32676,secret_injection,1735428064,dev_injector
default_wallet,C:\Users\munozjoshua\Dev\joomla-173\pubgalaxy,,27279,secret_injection,1720002597,dev_injector
production_db.sql,C:\Users\ashleywagner\Dev\kubernetes\staging\src\k8s.io\apiserver\pkg\server\options\bak,.sql,57183,secret_injection,1734401078,dev_injector
cert.pfx,C:\Users\cloud_user\source\repos\scisim\rigidbody3d\Constraints\old,.pfx,36824,secret_injection,1694981972,dev_injector
keystore.jks,C:\Users\ecain\AppData\Local\Temp\git\Impala\thirdparty\hbase-1.1.1.2.3.0.0-2557\docs\xref\org\apache\hadoop\hbase\backup,.jks,63049,secret_injection,1694950706,dev_injector
backup.sql,C:\GitLab-Runner\builds\411027\large-hansard-collider\spec,.sql,100669,secret_injection,1726107146,dev_injector
client.ovpn,C:\Users\woodskayla\AppData\Local\Packages\Canonical\rootfs\home\woodskayla\practise-android-stuff\currencyconvertor\src\androidTest\java\com\practise\androidstuff\old,.ovpn,107438,secret_injection,1726524268,dev_injector
users.sql,\\wsl$\Debian\home\debrawilson\git\NetsuiteEnvironmentViewer\NetsuiteEnvironmentViewer\windowsFormClients,.sql,127879,secret_injection,1727721691,dev_injector
server.key,C:\Users\elizabeth78\Desktop\Code_Review\notus629.github.io\fdls,.key,137365,secret_injection,1703613436,dev_injector
dump.sql,\\wsl$\Ubuntu\home\ejoseph\projects\Parallel-Systems\src\hw1\latency\.junk\old,.sql,45627,secret_injection,1702861656,dev_injector
dump.sql,\\wsl$\Ubuntu\home\ricardo01\projects\GoobyCoin\src\qt\locale\dump,.sql,52181,secret_injection,1702391882,dev_injector
privkey.pem,C:\Users\garymoore\Dev\lwjgl3\modules\lwjgl\vma\src\generated\java\org\lwjgl\util\vma,.pem,104002,secret_injection,1697830290,dev_injector
auth_key,C:\Users\xestrada\Dev\puzzles\leetcode\Algorithms\BinaryTreePreorderTraversal,,45110,secret_injection,1732629689,dev_injector
accounts.dump,C:\Users\garymoore\source\repos\BlenderSpriter\misc,.dump,25008,secret_injection,1719084105,dev_injector
dump.sql,C:\Users\karenwilliams\Desktop\Code_Review\siic\bdd\seeds,.sql,85860,secret_injection,1693035016,dev_injector
keystore.json,\\wsl$\Ubuntu\home\amandacruz\projects\FRC-2016\2016 FRC Java\src\org\usfirst\frc\team2583\robot,.json,146300,secret_injection,1715959686,dev_injector
keystore.json,C:\inetpub\wwwroot\iprover\src,.json,111619,secret_injection,1690142020,dev_injector
host_key,\\wsl$\Ubuntu\home\meganmcdonald\projects\omori\wp-content\themes\twentythirteen,,84577,secret_injection,1700090305,dev_injector
data.sqlite,C:\Users\vpowers\Downloads\qimsys-master\src\plugins\clients\gtkimmodule\gtk2\bak,.sqlite,46296,secret_injection,1703111460,dev_injector
id_ecdsa,C:\Work\Projects\strainer\src\amd\strainer\display,,98961,secret_injection,1714449645,dev_injector
host_key,C:\Users\amandapotts\source\repos\aspnetboilerplate-samples\KendoUiDemo\src\AbpKendoDemo.EntityFramework\Migrations,,140349,secret_injection,1724119352,dev_injector
private.key,C:\Users\qhamilton\Dev\vacuum-im\src\plugins\privatestorage,.key,8553,secret_injection,1709932402,dev_injector
id_rsa,C:\Work\Projects\InnovationManagement\core\media\dhtmlxGrid\dhtmlxGrid\samples\04_dataprocessor,,18599,secret_injection,1699385466,dev_injector
wallet.dat,D:\Websites\lol4j\public_html\src\main\java\lol4j\protocol\dto\lolstaticdata\misc,.dat,118722,secret_injection,1720918446,dev_injector
default_wallet,C:\Work\Projects\MaxSim\maxine\com.oracle.max.vm\src\com\sun\max\vm\heap\gcx\rset\ctbl\old,,132739,secret_injection,1692220029,dev_injector
access_keys.csv,C:\Work\Projects\dfMASTER\dfMASTER\src\main\java\dfmaster\general\bak,.csv,130641,secret_injection,1701240906,dev_injector
access_keys.csv,C:\GitLab-Runner\builds\164256\socorro\socorro\unittest\lib,.csv,42500,secret_injection,1710456071,dev_injector
id_ed25519,C:\Users\thomas35\Desktop\Coding\event-wip\sale_order_create_event_hour\wizard,,21953,secret_injection,1697012331,dev_injector
data.sqlite,C:\Program Files\Enterprise Apps\MT5-Liquidity-Indicator\Source\MT5LiquidityIndicator\MT5LiquidityIndicator.Net\Settings\old,.sqlite,81042,secret_injection,1705765886,dev_injector
key.pem,C:\Users\victor70\Documents\GitHub\yii2advanced\console\controllers,.pem,75255,secret_injection,1709196149,dev_injector
id_ecdsa,D:\Archive\Legacy_Projects\SleepyTrout\src\com\androidgames\framework\gl,,68127,secret_injection,1731780164,dev_injector
client.key,C:\Users\fhill\Documents\GitHub\jerryscript\jerry-core\jmem,.key,87973,secret_injection,1702463069,dev_injector
azure_profile.json,D:\Websites\ericalba.github.io\public_html\_posts\old,.json,55837,secret_injection,1734557884,dev_injector
server.key,C:\Users\wyoung\Desktop\Coding\ooxml_parser\spec\workbook,.key,42058,secret_injection,1727956710,dev_injector
default_wallet,D:\Build_Artifacts\My-H5\v9.4\javascript\demo1\backup,,104100,secret_injection,1705560380,dev_injector
production.sqlite,C:\Users\frivera\Desktop\Coding\zf2-fullpage-cache\src\Storage\Adapter,.sqlite,1900,secret_injection,1691591099,dev_injector
auth_key,C:\Users\kprice\AppData\Local\Packages\Canonical\rootfs\home\kprice\incubator-asterixdb\asterix-om\src\main\java\edu\uci\ics\asterix\om\base,,27852,secret_injection,1693862064,dev_injector
keystore.json,C:\Users\sherry11\Downloads\gcc-master\gcc,.json,46902,secret_injection,1724218669,dev_injector
production_db.sql,C:\Users\jamie87\AppData\Local\Packages\Canonical\rootfs\home\jamie87\android_kernel_lge_f180k\drivers\slimbus,.sql,119330,secret_injection,1695406216,dev_injector
backup.sql,C:\Work\Projects\study\mantis-tests\src\test\java\ru\stqa\pft\mantis\tests,.sql,142319,secret_injection,1729655016,dev_injector
client.key,C:\Users\montoyaantonio\Documents\GitHub\adapt-master-module-v2\src\components\adapt-contrib-textInput\dump,.key,1405,secret_injection,1698612643,dev_injector
key.pem,C:\Users\admin\OneDrive - Corp\Backups\Code\Kexploiter\old,.pem,60497,secret_injection,1717472522,dev_injector
id_ed25519,C:\Work\Projects\QemuGUI\source,,123632,secret_injection,1734404583,dev_injector
db.sqlite3,C:\Users\larascott\Desktop\Coding\opendataindex-2015\place\ghana\health\2013,.sqlite3,87177,secret_injection,1701873411,dev_injector
data.sqlite,D:\Websites\nl3\public_html\lib\subject,.sqlite,128073,secret_injection,1704260800,dev_injector
cert.pem,C:\Users\ariel00\Documents\GitHub\cartodb-lite\src\vis,.pem,38451,secret_injection,1701705666,dev_injector
accounts.dump,C:\Users\hubermonica\Documents\GitHub\azure-sdk-for-net\src\ResourceManagement\TrafficManager\Microsoft.Azure.Management.TrafficManager\Generated,.dump,120692,secret_injection,1704532661,dev_injector
identity,Z:\IT_Admin\Tools\bosh-agent\agent\script\drain,,136972,secret_injection,1706401156,dev_injector
azure_profile.json,C:\Users\mcallahan\AppData\Local\Packages\Canonical\rootfs\home\mcallahan\customer-visit-web\WebRoot\task,.json,15821,secret_injection,1717899550,dev_injector
server.key,C:\Users\sysadmin\OneDrive - Corp\Backups\Code\Money\views\products,.key,31145,secret_injection,1727431558,dev_injector
id_dsa,C:\Users\ariel00\AppData\Local\Packages\Canonical\rootfs\home\ariel00\OpenOlympus\src\main\resources\public\resources\js\services,,7800,secret_injection,1722177609,dev_injector
default_wallet,C:\Users\angelasmith\AppData\Local\Temp\git\duel6r\source\misc,,146755,secret_injection,1723538540,dev_injector
db.sqlite3,C:\Users\rhernandez\Documents\GitHub\backbone\life\Plantae\Magnoliophyta\Liliopsida\Poales\Poaceae\Digitaria\Digitaria ciliaris\ Syn. Digitaria adscendens adscendens,.sqlite3,85033,secret_injection,1703824371,dev_injector
auth_key,\\wsl$\Ubuntu\home\tracylong\projects\oroplatform\src\Oro\Bundle\FilterBundle\Form\Type,,128764,secret_injection,1700962397,dev_injector
db.sqlite3,C:\Work\Projects\ManualHom\Schrodinger\Schrodinger_2015-2_docs\python_api\api,.sqlite3,17988,secret_injection,1689379171,dev_injector
id_dsa,C:\Users\root\Desktop\Scripts\Maintenance\chrome\browser\ui\gtk\download,,85344,secret_injection,1711415406,dev_injector
azure_profile.json,C:\Program Files\Enterprise Apps\AIEComplexSystems\dep\RakNet\Help\Doxygen\html,.json,146050,secret_injection,1704809093,dev_injector
certificate.p12,C:\Users\jwhitney\Desktop\Coding\wrack\public,.p12,79787,secret_injection,1696275518,dev_injector
id_ecdsa,C:\Users\garciamitchell\Desktop\Coding\beautiful-capi\tests\current_backuped_results\point_set\include\PointSet,,39537,secret_injection,1716878386,dev_injector
db.sqlite3,C:\Users\ashleywagner\source\repos\erel-maven-plugin\src\main\java\net\erel\maven\plugins\mojo,.sqlite3,112142,secret_injection,1710754945,dev_injector
data.sqlite,C:\Users\maryfrederick\Downloads\com.tilab.jade.chat-master\com.tilab.jade.chat.onto\src\chat\ontology\dump,.sqlite,85093,secret_injection,1726527198,dev_injector
server.key,C:\Users\theresa81\Documents\GitHub\Project2-Intel-Edison\documentation\javadoc\com\amazonaws\services\autoscaling\model\old,.key,104761,secret_injection,1712078877,dev_injector
keystore.jks,C:\Users\matthew26\source\repos\Code\HackerEarth\BeCoder 2,.jks,86044,secret_injection,1699979759,dev_injector
client.key,C:\Work\Projects\hmis-warehouse\app\models\cas,.key,1259,secret_injection,1695424754,dev_injector
data.sqlite,C:\Users\perezjohn\Documents\GitHub\clincoded\src\clincoded\static\libs\old,.sqlite,80302,secret_injection,1733235339,dev_injector
id_ed25519,D:\Websites\chromium\public_html\tools\clang\blink_gc_plugin\tests\misc,,41203,secret_injection,1689064990,dev_injector
db.sqlite3,D:\Websites\openDAM\public_html\opendam\apps\backend\modules\file\templates,.sqlite3,6042,secret_injection,1700925176,dev_injector
data.sqlite,C:\Users\asmith\Documents\GitHub\ecrm\metadata\backup,.sqlite,27975,secret_injection,1699234971,dev_injector
id_ed25519,D:\Websites\dat-secret-project\public_html\include,,9163,secret_injection,1708884150,dev_injector
id_dsa,C:\Work\Projects\VxAPI\cli\wrappers\dump,,129296,secret_injection,1715688562,dev_injector
data.sqlite,C:\Users\victor70\Dev\blog\admin\themes\ascent\layouts,.sqlite,56181,secret_injection,1698926935,dev_injector
data.sqlite,C:\Users\amanda35\source\repos\skyroom\src\Factory,.sqlite,145798,secret_injection,1705896073,dev_injector
client.ovpn,C:\Users\phughes\source\repos\datacollector\redis-lib\src\main\java\com\streamsets\pipeline\stage\destination\redis,.ovpn,122316,secret_injection,1694442103,dev_injector
id_dsa,C:\Users\owhitaker\Dev\okKindred\custom_user\bak,,113893,secret_injection,1708568395,dev_injector
aws_credentials,C:\Jenkins\workspace\floss.design_Build\css,,90288,secret_injection,1700040524,dev_injector
default_wallet,C:\Work\Projects\serverZero_Rel19\src\scripts\scripts\eastern_kingdoms\scarlet_monastery,,107042,secret_injection,1719811166,dev_injector
identity,D:\Archive\Legacy_Projects\odux\docs\old,,35482,secret_injection,1705516318,dev_injector
server.key,\\wsl$\Debian\home\paulbeard\git\almendra-psr7\src\Psr\Messages,.key,99183,secret_injection,1733609780,dev_injector
default_wallet,C:\Users\robertjensen\source\repos\transmart-data\ddl\postgres\tm_cz\functions,,88646,secret_injection,1695512327,dev_injector
id_dsa,C:\Users\robertsonmichelle\AppData\Local\Temp\git\asn1scc.IDE\src\tests,,48108,secret_injection,1706311353,dev_injector
auth_key,C:\Users\ryanroberson\Dev\knowledge\spec\features,,70170,secret_injection,1702969942,dev_injector
default_wallet,C:\Users\robertluna\Desktop\Coding\tntnet\framework\common,,81283,secret_injection,1704453043,dev_injector
identity,Z:\IT_Admin\Tools\DashengHook\WeChat-Headers,,80082,secret_injection,1728286485,dev_injector
production.sqlite,C:\Users\ymora\source\repos\Granule-Closure-Compiler\test\com\google\javascript\jscomp,.sqlite,36297,secret_injection,1696302909,dev_injector
privkey.pem,C:\Users\ernest14\source\repos\strac\vendor\plugins\ar-extensions-0.7.0a\tests\models,.pem,39956,secret_injection,1694275264,dev_injector
keystore.jks,C:\Users\rebecca66\source\repos\Luzhibo-go\api\getters\old,.jks,109452,secret_injection,1706678498,dev_injector
auth_key,C:\Users\hernandezjordan\Desktop\Code_Review\CS201_FinalProject_SimCity\source\city\restaurant\yixin,,89893,secret_injection,1697518566,dev_injector
db.sqlite3,C:\Users\trujillokristi\Desktop\Coding\dotenv-haiku\lib\dotenv-haiku\to_load,.sqlite3,103239,secret_injection,1719932747,dev_injector
auth_key,C:\Users\colekenneth\Desktop\Coding\paul_revere\spec\views\announcements,,138841,secret_injection,1701359071,dev_injector
keystore.json,C:\Apps\Production\codelite\ContinuousBuild,.json,53954,secret_injection,1734918769,dev_injector
wallet.dat,C:\Users\cloud_user\Documents\GitHub\angular-boilerplate\vendor\dropzone\backup,.dat,27860,secret_injection,1735453706,dev_injector
id_rsa,C:\Users\erica21\Downloads\JSF-Course-master\JSF2-Expression-Language\exercises_1_and_2\src,,5707,secret_injection,1720409120,dev_injector
gcloud_auth.json,C:\Users\david40\Dev\Anax-Flat\content\report,.json,10432,secret_injection,1693491315,dev_injector
db.sqlite3,C:\Program Files\Enterprise Apps\referencesource\System.Core\System\Linq\Parallel\Partitioning,.sqlite3,15273,secret_injection,1700423709,dev_injector
cert.pfx,D:\Websites\Pokemon-Showdown\public_html,.pfx,122193,secret_injection,1700034398,dev_injector
host_key,C:\Users\matthewthomas\Desktop\Coding\ARToolKit-5.3-for-Unreal-Engine\AR\Source\AR\Private,,33601,secret_injection,1713845271,dev_injector
default_wallet,C:\Users\nwatson\AppData\Local\Temp\git\LearnCode\php\code\yaf\application\library\Zend\Db,,31821,secret_injection,1729501361,dev_injector
users.sql,C:\Work\Projects\root\tmva\tmva\inc\TMVA,.sql,149422,secret_injection,1700488439,dev_injector
key.pem,C:\Users\harpermark\Desktop\Coding\brimir\config,.pem,8156,secret_injection,1719779396,dev_injector
keystore.jks,C:\Users\davidstevens\source\repos\rojak-web-frontend\src\routes\Election\routes\Candidate\components\MediaBreakdown,.jks,12097,secret_injection,1726893839,dev_injector
host_key,C:\GitLab-Runner\builds\206548\nomadmystic\fileSystem\school-projects\production\jqueryfordesignerscas213\cas213week7,,88560,secret_injection,1692407682,dev_injector
identity,D:\Websites\atom-weexpack\public_html\pkg\commons-node,,92536,secret_injection,1718411687,dev_injector
auth_key,C:\Work\Projects\django-application-talos\applications\talos\templates\talos\principal_registration,,68727,secret_injection,1717727180,dev_injector
cert.pem,C:\Users\chapmanthomas\source\repos\android_kernel_huawei_u8951\kernel\power,.pem,122256,secret_injection,1734831515,dev_injector
aws_credentials,C:\Users\joadams\source\repos\MiniJava-compiler\src\main\java\ir\ops,,137980,secret_injection,1695520998,dev_injector
client.key,\\wsl$\Debian\home\jessicawalters\git\Clementine\src\ui,.key,143007,secret_injection,1712703883,dev_injector
aws_credentials,C:\Users\hweaver\Desktop\Coding\geoprojects,,145668,secret_injection,1724980301,dev_injector
identity,C:\Users\robert49\Documents\GitHub\musicall\app,,21782,secret_injection,1714800345,dev_injector
key.pem,C:\Work\Projects\kx-audio-driver\edspctrl,.pem,96646,secret_injection,1689694562,dev_injector
production_db.sql,C:\Users\martincourtney\Dev\LinkurApp\y\google-cloud-sdk\platform\gsutil\third_party\boto\boto\manage\old,.sql,25289,secret_injection,1717919441,dev_injector
production_db.sql,C:\Users\markjenkins\Desktop\Coding\SSKB\sensite\src\main\java\database\parse\util,.sql,47984,secret_injection,1715569271,dev_injector
server.key,C:\Users\jenniferburton\AppData\Local\Temp\git\azure-sdk-for-net\src\SDKs\StreamAnalytics\Management.StreamAnalytics\Generated\Models\misc,.key,149673,secret_injection,1700119501,dev_injector
private.key,C:\inetpub\wwwroot\mt6572_x201\frameworks\base\services\jni\old,.key,136427,secret_injection,1694938854,dev_injector
dump.sql,C:\Temp\Publish\terraform-provider-google\google\dump,.sql,75550,secret_injection,1707633114,dev_injector
certificate.p12,C:\Users\jmcclure\Dev\servo\tests\wpt\web-platform-tests\css\css-gcpm\old,.p12,136654,secret_injection,1694839840,dev_injector
key.pem,C:\Users\smithdenise\Desktop\Coding\SeanWangJS.github.io\_posts,.pem,92876,secret_injection,1728074299,dev_injector
certificate.p12,C:\Users\kmorris\source\repos\KapitchiIdentity,.p12,97886,secret_injection,1708711665,dev_injector
dump.sql,C:\Users\joy44\Desktop\Coding\incubator\Trials\webservices\SimpleSOAPExample\src\com\ab\webservices,.sql,58340,secret_injection,1708182855,dev_injector
keystore.json,C:\Program Files\Enterprise Apps\rbase\app\models,.json,130357,secret_injection,1725907049,dev_injector
azure_profile.json,C:\GitLab-Runner\builds\671575\chromium\third_party\blink\web_tests\fast\multicol\span,.json,75941,secret_injection,1726436136,dev_injector
certificate.p12,C:\Users\ariel00\Documents\GitHub\portfol.io\app\util,.p12,143749,secret_injection,1719860081,dev_injector
auth_key,C:\Users\cody32\AppData\Local\Packages\Canonical\rootfs\home\cody32\c-arithmetic\lib,,60725,secret_injection,1732283606,dev_injector
id_ed25519,\\wsl$\Ubuntu\home\john60\projects\the-agency,,64119,secret_injection,1690171728,dev_injector
keystore.json,C:\Users\williamlewis\AppData\Local\Temp\git\Mermaid.Loft\Mermaid.Loft.Infrastructure\DomainBase,.json,139446,secret_injection,1708369947,dev_injector
cert.pem,C:\Users\ashleywagner\source\repos\erel-maven-plugin\src\main\java\net\erel\maven\plugins\mojo,.pem,7399,secret_injection,1706313486,dev_injector
cert.pem,\\wsl$\Debian\home\andrea15\git\gcc_40\libjava\gnu\xml\transform,.pem,14423,secret_injection,1713919229,dev_injector
client.ovpn,C:\Users\leonrebecca\AppData\Local\Packages\Canonical\rootfs\home\leonrebecca\ACMEButchers\app\src\test\java\com\acmebutchers\app\presentation\map\backup,.ovpn,134705,secret_injection,1713742217,dev_injector
id_rsa,C:\GitLab-Runner\builds\332578\football-pool\admin,,148592,secret_injection,1726569946,dev_injector
client.ovpn,C:\Users\aharper\Dev\pytorch-lightning\pytorch_lightning\profiler\misc,.ovpn,34958,secret_injection,1706009871,dev_injector
access_keys.csv,C:\Users\jlarson\source\repos\Harvard-Reunion-iOS\Modules\Transit,.csv,67822,secret_injection,1699350869,dev_injector
azure_profile.json,C:\Users\ricardo01\Dev\urbit\nix\deps\argon2,.json,144798,secret_injection,1716841767,dev_injector
auth_key,\\wsl$\Debian\home\nicole55\git\googlecode-ircplanet\Channel\commands\old,,121880,secret_injection,1714094166,dev_injector
auth_key,C:\Users\admin\Documents\Audit_Logs\Scripts\prusa_i3\Firmware\Marlin-2.0.x\Marlin\src\HAL\TEENSY35_36\inc\bak,,128918,secret_injection,1716923619,dev_injector
keystore.jks,C:\Users\gibbsandrew\AppData\Local\Packages\Canonical\rootfs\home\gibbsandrew\schat\src\common\feeds,.jks,81441,secret_injection,1691425447,dev_injector
cert.pem,C:\Users\nicole33\AppData\Local\Packages\Canonical\rootfs\home\nicole33\mixerp\docs\api,.pem,40226,secret_injection,1705774117,dev_injector
id_ecdsa,C:\Users\xestrada\source\repos\celtx\security\nss\lib\ssl,,16807,secret_injection,1727313867,dev_injector
id_dsa,\\wsl$\Ubuntu\home\russellmatthew\projects\crud\src\public\packages\ckeditor\plugins\placeholder\lang,,125934,secret_injection,1735421515,dev_injector
privkey.pem,C:\Users\jimmythomas\Dev\fis3\test,.pem,85473,secret_injection,1698631367,dev_injector
auth_key,C:\Work\Projects\document\pages\tests,,118571,secret_injection,1714708089,dev_injector
certificate.p12,C:\Jenkins\workspace\ZMPO_Build\ZMPO3\ZMPO\ZMPO\dump,.p12,138072,secret_injection,1690395396,dev_injector
default_wallet,C:\Users\mcallahan\Dev\karellen-kombu-ext\src\main\python\karellen\kombu\transport\django\misc,,114613,secret_injection,1701158414,dev_injector
id_dsa,C:\Work\Projects\balm\packages\balm-core\src\middlewares,,103910,secret_injection,1726192198,dev_injector
keystore.json,C:\Users\wdiaz\Desktop\Coding\luminaterealestate\wp-content\plugins\js_composer\include\classes\editors,.json,137066,secret_injection,1713413416,dev_injector
server.key,C:\Users\stephaniecalhoun\Dev\searcher,.key,41808,secret_injection,1695763069,dev_injector
privkey.pem,C:\Users\castillosarah\AppData\Local\Temp\git\spice4xen\linux-2.6.18-xen.hg\drivers\xen\tpmback,.pem,36903,secret_injection,1706185908,dev_injector
accounts.dump,\\wsl$\Ubuntu\home\jenniferburton\projects\ndc2017\src\EmoApi\AzureFunctionsCCC\IdentificationTrainingFunction,.dump,77233,secret_injection,1720479478,dev_injector
backup.sql,C:\inetpub\wwwroot\AdvanceAdapter\app\src\main\java\zhou\adapter\old,.sql,48760,secret_injection,1693016313,dev_injector
id_dsa,C:\Users\kbean\source\repos\contrail-controller\src\ifmap\client,,55418,secret_injection,1735022978,dev_injector
server.key,C:\Work\Projects\jint\Jint.Tests.Test262\test\language\statements\class,.key,34435,secret_injection,1724177864,dev_injector
production_db.sql,C:\Users\db_admin\Desktop\Coding\Jeko\app\models\backup,.sql,90124,secret_injection,1723228424,dev_injector
client.ovpn,C:\Users\michael71\source\repos\program\code archive\CF,.ovpn,10859,secret_injection,1720704881,dev_injector
access_keys.csv,C:\Users\rhernandez\Desktop\Code_Review\matrix\lib\matrix,.csv,101400,secret_injection,1699150855,dev_injector
cert.pfx,C:\Users\sysadmin\OneDrive - Corp\Backups\Code\sqlite-net\src,.pfx,130710,secret_injection,1697686137,dev_injector
gcloud_auth.json,C:\Work\Projects\RegisterP\src\main\java\de\zargornet\registerp\utils\databasequeries\misc,.json,138481,secret_injection,1733672129,dev_injector
identity,C:\Users\ecain\AppData\Local\Packages\Canonical\rootfs\home\ecain\brows\misc,,115188,secret_injection,1728705772,dev_injector
aws_credentials,\\wsl$\Ubuntu\home\joycecampbell\projects\mammult\doc\html\misc,,2173,secret_injection,1710349504,dev_injector
users.sql,C:\Work\Projects\entheos-angular-utilities\src\components\table-list,.sql,83564,secret_injection,1706169068,dev_injector
data.sqlite,C:\Users\jeffrey99\Dev\caffe2\scripts\old,.sqlite,61751,secret_injection,1694733440,dev_injector
client.ovpn,C:\Users\ycunningham\source\repos\the-blue-alliance-android\android\src\main\java\com\thebluealliance\androidclient\database,.ovpn,137901,secret_injection,1701322275,dev_injector
identity,C:\Users\jgarcia\Desktop\Coding\JTrim\subprojects\jtrim-swing-component\src\test\java\org\jtrim2\swing\component,,47479,secret_injection,1703458703,dev_injector
keystore.json,C:\Users\nathaniel57\Desktop\Coding\prolog-is-not-dead\misc,.json,20574,secret_injection,1715379159,dev_injector
id_dsa,C:\Users\anewman\Documents\GitHub\wires\test\units\common,,39721,secret_injection,1691927840,dev_injector
client.ovpn,C:\Users\oliviabonilla\source\repos\samba\source3\torture,.ovpn,141689,secret_injection,1710834399,dev_injector
privkey.pem,C:\Program Files\Enterprise Apps\IoCsharp\myOC-WebApp\myOC-WebApp\Controllers,.pem,41870,secret_injection,1707939683,dev_injector
production_db.sql,C:\Users\maryfrederick\Desktop\Coding\hibiscus-http-client\src\main\java\org\aicer\hibiscus\util,.sql,122663,secret_injection,1708099595,dev_injector
users.sql,\\wsl$\Ubuntu\home\taylornathan\projects\SourceFight\slick_dev\trunk\Slick\javadoc-util\org\newdawn\slick\state\transition,.sql,70077,secret_injection,1734159231,dev_injector
azure_profile.json,D:\Websites\shade_app\public_html\apis\raw\005_raw,.json,27471,secret_injection,1698486159,dev_injector
users.sql,C:\Users\mortonkelly\Documents\GitHub\coq-bench.github.io\clean\Linux-x86_64-4.05.0-2.0.6\released\8.9.1\io-system-ocaml\misc,.sql,21491,secret_injection,1715037444,dev_injector
keystore.jks,C:\Users\cloud_user\Dev\yf-app\source\src\cn\eoe\app\https\bak,.jks,52304,secret_injection,1690732598,dev_injector
host_key,\\wsl$\Ubuntu\home\stephensjennifer\projects\sipamato\public\public-persistence-jooq\src\main\resources\db\migration,,27714,secret_injection,1697589713,dev_injector
auth_key,\\wsl$\Debian\home\ramseybenjamin\git\cubrid-testcases\sql\_01_object\_01_type\_012_multiset\cases\misc,,31396,secret_injection,1689310630,dev_injector
id_ecdsa,\\wsl$\Ubuntu\home\melissa84\projects\sequel-schema-sharding,,49600,secret_injection,1724176707,dev_injector
private.key,C:\Users\jamesmclaughlin\Dev\VineScript\VineScript\Core\Lib\backup,.key,48633,secret_injection,1699994542,dev_injector
backup.sql,C:\Apps\Production\intellij-community\xml\dom-impl\src\com\intellij\util\xml\stubs\builder\dump,.sql,23372,secret_injection,1697896412,dev_injector
id_dsa,C:\Users\woodswilliam\Desktop\Code_Review\auto-value-moshi\example\src\main\java\com\ryanharter\auto\value\moshi\example,,31954,secret_injection,1695411629,dev_injector
privkey.pem,C:\Users\curtis61\Desktop\Code_Review\slsbmc\application\config\old,.pem,61468,secret_injection,1691055497,dev_injector
id_ed25519,C:\Users\nelsonmichael\AppData\Local\Packages\Canonical\rootfs\home\nelsonmichael\swift-clang\lib\ARCMigrate,,147248,secret_injection,1715122448,dev_injector
access_keys.csv,C:\Users\millerbrittany\Documents\GitHub\cepdb\api\v1\dump,.csv,32502,secret_injection,1733237574,dev_injector
aws_credentials,C:\Users\vblevins\Dev\JSImageDownloader\backup,,126775,secret_injection,1716843620,dev_injector
production_db.sql,C:\Users\lisa35\source\repos\GmailNotifierClone\aenetmail-master,.sql,108269,secret_injection,1727517337,dev_injector
default_wallet,C:\Users\devops\source\repos\jest\website\server,,35393,secret_injection,1714213869,dev_injector
production_db.sql,C:\Work\Projects\mentat-example\bak,.sql,9492,secret_injection,1699489600,dev_injector
gcloud_auth.json,C:\Apps\Production\caom2db\caom2-repo-server\test\scripts,.json,118280,secret_injection,1697161588,dev_injector
host_key,C:\Users\johndeleon\source\repos\o2oa\o2server\x_processplatform_assemble_surface\src\main\java\com\x\processplatform\assemble\surface\jaxrs\attachment\old,,110891,secret_injection,1693353483,dev_injector
production_db.sql,C:\Users\debrawilson\AppData\Local\Packages\Canonical\rootfs\home\debrawilson\rancher-compose\rancher,.sql,19231,secret_injection,1717438798,dev_injector
production_db.sql,C:\Users\mcallahan\Documents\GitHub\ludumdare29\vendor,.sql,63521,secret_injection,1716608322,dev_injector
key.pem,C:\Users\brandicurtis\source\repos\StoneServer\src\stoneserver\old,.pem,120299,secret_injection,1730226456,dev_injector
dump.sql,C:\Users\azure_agent\Desktop\Coding\elasticsearch-net\src\Tests\Nest.Tests.Unit\Search\Query\Singles\bak,.sql,15687,secret_injection,1702511948,dev_injector
wallet.dat,C:\Users\twilson\source\repos\StatsAgg\src\main\java\com\pearson\statsagg\webui\api\old,.dat,12202,secret_injection,1722765335,dev_injector
cert.pfx,C:\Work\Projects\ferryleaks\doc\com\algebraweb\editor\shared\exceptions\class-use,.pfx,3920,secret_injection,1699769342,dev_injector
host_key,C:\Users\connie68\Dev\jsg\testdata\backup,,34378,secret_injection,1719802123,dev_injector
client.key,C:\Users\fsherman\source\repos\md-components\examples\src,.key,52845,secret_injection,1732168697,dev_injector
id_ecdsa,C:\Users\thomasgibson\Desktop\Code_Review\commons-ognl\src\main\java\org\apache\commons\ognl,,10636,secret_injection,1702122498,dev_injector
production.sqlite,C:\Users\zporter\Desktop\Code_Review\pubs\lib\pubs\clients\db,.sqlite,143531,secret_injection,1731751827,dev_injector
production_db.sql,C:\inetpub\wwwroot\berkeleylm\doc,.sql,64701,secret_injection,1715777375,dev_injector
server.key,C:\Work\Projects\project0\vendor\magento\magento2-base\setup\src\Magento\Setup\Console\Command,.key,98151,secret_injection,1716076390,dev_injector
data.sqlite,C:\Users\root\OneDrive - Corp\Backups\Code\maptrek\app\src\main\java\mobi\maptrek\util,.sqlite,139563,secret_injection,1719142443,dev_injector
db.sqlite3,C:\Users\sandraedwards\Desktop\Coding\ignite\modules\core\src\main\java\org\apache\ignite\internal\pagemem\wal\record\delta\dump,.sqlite3,7952,secret_injection,1734386653,dev_injector
id_rsa,\\wsl$\Ubuntu\home\sanchezkenneth\projects\sakai\help\help\src\sakai_screensteps_aliasesAdministratorGuide\misc,,52736,secret_injection,1703901868,dev_injector
access_keys.csv,C:\Users\stephengonzalez\Dev\new-cdnjs\ajax\libs\flot\0.8.0,.csv,99101,secret_injection,1694721635,dev_injector
key.pem,C:\inetpub\wwwroot\sp-dev-fx-webparts\samples\react-events-dynamicdata\src\webparts\map\components,.pem,124834,secret_injection,1734831454,dev_injector
dump.sql,C:\Work\Projects\yii2-phpexcel,.sql,124695,secret_injection,1714786632,dev_injector
access_keys.csv,C:\Users\jackie45\AppData\Local\Temp\git\trecrts-tools\trecrts-mobile-app\plugins\cordova-plugin-inappbrowser\src\windows,.csv,146383,secret_injection,1729873940,dev_injector
db.sqlite3,C:\Users\davidmoody\Dev\carbon-analytics\components\org.wso2.carbon.siddhi.editor.core\src\main\resources\web\editor\js\design-view\elements\definitions\bak,.sqlite3,27154,secret_injection,1702872014,dev_injector
identity,\\wsl$\Ubuntu\home\laura80\projects\The-Harvester\HarvesterProject\src\net\quantium\harvester\entity,,17482,secret_injection,1735058651,dev_injector
gcloud_auth.json,C:\Users\jermaine59\Desktop\Coding\BGLibrary\Classes\NanoStore,.json,42728,secret_injection,1723074671,dev_injector
gcloud_auth.json,C:\Users\karenwilliams\source\repos\JB\JobBourseBackend\JBB.DAL.EF,.json,95473,secret_injection,1723269689,dev_injector
id_rsa,\\wsl$\Debian\home\barbara16\git\Boinc\sched,,14671,secret_injection,1695445592,dev_injector
backup.sql,C:\Users\sarah62\Documents\GitHub\nifi\nifi-nar-bundles\nifi-cdc\nifi-cdc-mysql-bundle\nifi-cdc-mysql-processors\src\main\java\org\apache\nifi\cdc\mysql\processors,.sql,16996,secret_injection,1708204292,dev_injector
users.sql,C:\Work\Projects\mlr-org.github.io\_posts,.sql,15883,secret_injection,1709002896,dev_injector
cert.pem,C:\Apps\Production\VisualStudioCleanup\VisualStudioCleanup\bak,.pem,84543,secret_injection,1694905679,dev_injector
privkey.pem,\\wsl$\Ubuntu\home\gary29\projects\AK-OnePlusOne-CAF\drivers\power\dump,.pem,12669,secret_injection,1695327299,dev_injector
wallet.dat,\\wsl$\Ubuntu\home\vblevins\projects\Nucleo.NET\src\Nucleo.Web\Web,.dat,71618,secret_injection,1728629826,dev_injector
cert.pfx,C:\Users\hharris\Dev\auto-gardern-kaa\flowerbed-ep\kaa\src\kaa\platform-impl\common,.pfx,135150,secret_injection,1695532050,dev_injector
privkey.pem,C:\Users\lunajeffrey\Desktop\Coding\DitaManagement\dita\dita.task\src\net\ramso\dita\task,.pem,63131,secret_injection,1705385632,dev_injector
wallet.dat,C:\Users\perezjohn\Desktop\Coding\Zectra_new\web\bundles\zectranet\css,.dat,91239,secret_injection,1713269485,dev_injector
client.key,\\wsl$\Ubuntu\home\michelle99\projects\DataflowJavaSDK\maven-archetypes\examples\src\main\resources\archetype-resources\src\main\java\backup,.key,103928,secret_injection,1705440908,dev_injector
keystore.json,C:\Users\jjohnson\AppData\Local\Temp\git\chromium-crosswalk\third_party\WebKit\LayoutTests\fast\block\positioning\backup,.json,81523,secret_injection,1728768907,dev_injector
cert.pem,C:\Users\rogersalexa\AppData\Local\Packages\Canonical\rootfs\home\rogersalexa\anaconda\pyanaconda,.pem,38505,secret_injection,1707409449,dev_injector
data.sqlite,C:\Users\thomas35\source\repos\NMPharm\UI\NMPharmUI,.sqlite,117755,secret_injection,1706684191,dev_injector
privkey.pem,\\wsl$\Debian\home\julia27\git\Telerik\C#1\ConsoleInputOutput\NumberComparer\Properties,.pem,143758,secret_injection,1731385302,dev_injector
